{
  "image_filename": "../lptest/eye.jpeg",
  "center": [
    1222.0731708407402,
    678.6585378646851
  ],
  "angle": 1.4601391553878784,
  "width": 36.22154235839844,
  "height": 102.48045626327995
}
