{
  "image_filename": "chee.jpeg",
  "center": [
    111.13538360595703,
    124.43692314624786
  ],
  "angle": -0.055498506873846054,
  "width": 36.055511474609375,
  "height": 40.936874507872126
}
