{
  "image_filename": "ein.jpeg",
  "center": [
    599.5667304992676,
    828.3850314617157
  ],
  "angle": -0.040793679654598236,
  "width": 294.2447814941406,
  "height": 371.07878031765637
}
