{
  "image_filename": "ein_crop.jpg",
  "center": [
    366.5,
    550.0
  ],
  "angle": 0.0,
  "width": 264.3147467160988,
  "height": 333.3333333333333
}
