{
  "image_filename": "henson.jpg",
  "center": [
    1504.2710723876953,
    935.6799812316895
  ],
  "angle": -0.18037110567092896,
  "width": 691.2134399414062,
  "height": 560.4520774193403
}
