{
  "image_filename": "johnson.jpg",
  "center": [
    627.5249862670898,
    590.8055009841919
  ],
  "angle": -0.17809294164180756,
  "width": 304.8212585449219,
  "height": 288.16887433109616
}
