{
  "image_filename": "wandavision.jpg",
  "center": [
    1341.400001525879,
    902.1999998092651
  ],
  "angle": -0.12435499578714371,
  "width": 193.4941864013672,
  "height": 135.44593017141568
}
