{
  "image_filename": "wandavision.jpg",
  "center": [
    918.4117660522461,
    600.6470594406128
  ],
  "angle": 0.21866893768310547,
  "width": 221.26907348632812,
  "height": 171.37506229738142
}
