{
  "image_filename": "cushing.jpg",
  "center": [
    511.13318252563477,
    276.59270000457764
  ],
  "angle": 0.09901291877031326,
  "width": 151.7432098388672,
  "height": 128.81631198926118
}
