{
  "image_filename": "prince.jpg",
  "center": [
    277.1278305053711,
    207.84030675888062
  ],
  "angle": 0.18109266459941864,
  "width": 144.36065673828125,
  "height": 131.83647126793005
}
